{"neg_mean_squared_error": -2798.3088440570928, "r2": 0.5137823672037997}