{"accuracy": 0.6105, "balanced_accuracy": 0.6157898458480902, "adjusted_rand_score": 0.3402312696951278}